text,label,sentiment,score_0,sentiment_1,score_1,sentiment_2,score_2,sentiment_3,score_3,sentiment_4,score_4
"I hate when she does this. She turns what should be a fun shopping trip into an annoying day of how everything would look in her house.
",0,0,0.99950194,0,0.99699926,1,0.5916352,2,0.963595,0,0.9596374
"He fucking chickened out. He messaged me he would be late and woould buzz me and then I didn't hear a word from him
",0,0,0.99950194,0,0.9998154,1,0.66448253,2,0.86187464,0,0.9135105
"Horrible u eat macs eat until u forgot abt me already rite... U take so long 2 reply. I thk it's more toot than b4 so b prepared. Now wat shall i eat?
",0,0,0.9995016,0,0.9865745,1,0.9998192,2,0.68174046,0,0.89343244
"Yes :)it completely in out of form:)clark also utter waste.
",0,0,0.99950147,0,0.9980019,1,0.99975604,0,0.4845532,0,0.8100862
"Dont think so. It turns off like randomlly within 5min of opening
",0,0,0.99950147,0,0.997387,1,0.99987364,2,0.38920975,0,0.6232588
"Yes :)it completely in out of form:)clark also utter waste.
",0,0,0.99950147,0,0.9980019,1,0.99975604,0,0.4845532,0,0.8100862
"Does she usually take fifteen fucking minutes to respond to a yes or no question
",0,0,0.9995011,0,0.9996618,1,0.999859,1,0.4688132,0,0.83749884
"I dont understand your message.
",0,0,0.9995011,0,0.9979824,1,0.9996306,0,0.61784923,0,0.9243882
"I dont know why she.s not getting your messages
",0,0,0.9995009,0,0.9910001,1,0.9991441,1,0.43681103,0,0.70630944
"Hey, can you tell me blake's address? Carlos wanted me to meet him there but I got lost and he's not answering his phone
",0,0,0.99950063,0,0.94432956,1,0.9979779,2,0.65101093,0,0.64846426
"I didn't get the second half of that message
",0,0,0.99950063,0,0.983033,1,0.9995573,1,0.52432925,0,0.7179483
"Nobody names their penis a girls name this story doesn't add up at all
",0,0,0.99950004,0,0.9992729,1,0.9998622,1,0.5769362,0,0.894594
"Hi, wkend ok but journey terrible. Wk not good as have huge back log of marking to do
",0,0,0.9994999,0,0.9986204,0,0.99561346,2,0.8422976,0,0.8272053
"Any chance you might have had with me evaporated as soon as you violated my privacy by stealing my phone number from your employer's paperwork. Not cool at all. Please do not contact me again or I will report you to your supervisor.
",0,0,0.99949956,0,0.9999176,0,0.88975203,2,0.75249094,0,0.9632298
"You didnt complete your gist oh.
",0,0,0.9994993,0,0.98505104,1,0.99987257,2,0.56862766,0,0.8196523
"I hav almost reached. Call, i m unable to connect u.
",0,0,0.9994986,0,0.971007,1,0.99917644,2,0.5552312,0,0.60008055
"No current and food here. I am alone also
",0,0,0.9994981,0,0.9985251,1,0.99987566,1,0.6466849,0,0.5838645
"But my family not responding for anything. Now am in room not went to home for diwali but no one called me and why not coming. It makes me feel like died.
",0,0,0.9994979,0,0.9996959,1,0.84243,1,0.48011398,0,0.94634795
"No calls..messages..missed calls
",0,0,0.9994978,0,0.99860126,1,0.999813,1,0.68951476,0,0.78396046
"No calls..messages..missed calls
",0,0,0.9994978,0,0.99860126,1,0.999813,1,0.68951476,0,0.78396046
"No calls..messages..missed calls
",0,0,0.9994978,0,0.99860126,1,0.999813,1,0.68951476,0,0.78396046
"Doing nothing, then u not having dinner w us?
",0,0,0.9994968,0,0.99966896,1,0.9997924,1,0.46495304,0,0.6921867
"No idea, I guess we'll work that out an hour after we're supposed to leave since as usual nobody has any interest in figuring shit out before the last second
",0,0,0.9994966,0,0.9953785,1,0.99979943,1,0.46513757,0,0.73877615
"Boo what time u get out? U were supposed to take me shopping today. :(
",0,0,0.99949634,0,0.9438541,1,0.99984837,2,0.42883897,0,0.6423319
"Total disappointment, when I texted you was the craziest shit got :(
",0,0,0.99949634,0,0.9998136,0,0.9274542,2,0.88452977,0,0.96842986
"Hi Chachi tried calling u now unable to reach u .. Pl give me a missed cal once u c tiz msg  Kanagu
",0,0,0.9994961,0,0.95733905,1,0.9971246,2,0.57495147,0,0.5477135
"Horrible bf... I now v hungry...
",0,0,0.9994956,0,0.9997254,1,0.9494664,2,0.8111055,0,0.95930994
"U guys never invite me anywhere :(
",0,0,0.9994955,0,0.9998087,1,0.99984837,1,0.4549607,0,0.9526835
"Fun fact: although you would think armand would eventually build up a tolerance or some shit considering how much he smokes, he gets fucked up in like 2 hits
",0,0,0.999495,0,0.92443126,2,0.5112716,2,0.7571633,0,0.7936856
"Did you get any gift? This year i didnt get anything. So bad
",0,0,0.9994949,0,0.99776185,1,0.98378366,2,0.8342338,0,0.93172073
"G says you never answer your texts, confirm/deny
",0,0,0.9994949,0,0.9991098,1,0.99988353,2,0.44678593,0,0.5286621
"I have gone into get info bt dont know what to do
",0,0,0.99949455,0,0.9782135,1,0.9998753,2,0.41252172,0,0.5857706
"I have no idea where you are
",0,0,0.99949396,0,0.97468513,1,0.9998573,1,0.6223437,0,0.49127206
"would u fuckin believe it they didnt know i had thurs pre booked off so they re cancelled me AGAIN! that needs to b sacked
",0,0,0.9994936,0,0.99988496,1,0.9954992,2,0.8350408,0,0.96061116
"That sucks. So what do you got planned for your yo valentine? I am your yo valentine aren't I?
",0,0,0.9994935,0,0.9862521,1,0.99957985,2,0.75133085,0,0.7727204
"For real tho this sucks. I can't even cook my whole electricity is out. And I'm hungry.
",0,0,0.99949336,0,0.99231803,0,0.97418785,2,0.7647699,0,0.9708222
"I can't keep going through this. It was never my intention to run you out, but if you choose to do that rather than keep the room clean so *I* don't have to say no to visitors, then maybe that's the best choice. Yes, I wanted you to be embarassed, so maybe you'd feel for once how I feel when i have a friend who wants to drop buy and i have to say no, as happened this morning. I've tried everything. I don't know what else to do.
",0,0,0.9994929,0,0.9985586,1,0.9996369,2,0.38313568,0,0.5452025
"I went to ur hon lab but no one is there.
",0,0,0.9994929,0,0.99142426,1,0.9998504,1,0.4462484,0,0.6349457
"Oh, then your phone phoned me but it disconnected
",0,0,0.9994929,0,0.9851976,1,0.99973494,2,0.5297415,0,0.62259924
"What do you do, my dog ? Must I always wait till the end of your day to have word from you ? Did you run out of time on your cell already?
",0,0,0.9994923,0,0.9955935,1,0.999706,2,0.44782075,0,0.66432625
"Babe? You said 2 hours and it's been almost 4 ... Is your internet down ?
",0,0,0.9994923,0,0.99817836,0,0.8103112,2,0.52571136,0,0.61903256
"So your telling me I coulda been your real Valentine and I wasn't? U never pick me for NOTHING!!
",0,0,0.99949217,0,0.9994418,1,0.9998648,2,0.51048774,0,0.8209779
"You only hate me. You can call any but you didnt accept even a single call of mine. Or even you messaged
",0,0,0.99949205,0,0.9998672,1,0.99978465,2,0.8442475,0,0.9510885
"1 I don't have her number and 2 its gonna be a massive pain in the ass and i'd rather not get involved if that's possible
",0,0,0.99949205,0,0.99798584,0,0.60269755,2,0.5608526,0,0.9476198
"What I'm saying is if you haven't explicitly told nora I know someone I'm probably just not gonna bother
",0,0,0.9994918,0,0.9965335,1,0.99982065,2,0.43875387,1,0.55462277
"Pls tell nelson that the bb's are no longer comin. The money i was expecting aint coming
",0,0,0.9994911,0,0.9992256,1,0.99978,2,0.5968397,0,0.7051657
"Ok but tell me half an hr b4 u come i need 2 prepare.
",0,0,0.99949074,0,0.93814373,1,0.99983764,0,0.49933207,1,0.80162483
"So li hai... Me bored now da lecturer repeating last weeks stuff waste time... 
",0,0,0.9994906,0,0.99824524,1,0.9907369,2,0.598883,0,0.8720404
"So now my dad is gonna call after he gets out of work and ask all these crazy questions.
",0,0,0.9994905,0,0.9837336,1,0.99983776,2,0.5227692,0,0.56985885
"And that is the problem. You walk around in ""julianaland"" oblivious to what is going on around you. I say the same things constantly and they go in one ear and out the other while you go off doing whatever you want to do. It's not that you don't know why I'm upset--it's that you don't listen when i tell you WHAT is going to upset me. Then you want to be surprised when I'm mad.
",0,0,0.9994905,0,0.99876946,1,0.9997603,2,0.8357489,0,0.8478285
"I don't think he has spatula hands!
",0,0,0.99949026,0,0.98553246,1,0.99986553,2,0.46290785,0,0.51906013
"Dont you have message offer
",0,0,0.99948967,0,0.987983,1,0.9998764,0,0.54942316,1,0.775029
"This pen thing is beyond a joke. Wont a Biro do? Don't do a masters as can't do this ever again! 
",0,0,0.99948955,0,0.9995987,1,0.9997551,2,0.8494437,0,0.9432906
"Me too. Mark is taking forever to pick up my prescription and the pain is coming back.
",0,0,0.9994887,0,0.99915755,1,0.99815947,2,0.5410033,0,0.8912982
"Horrible gal. Me in sch doing some stuff. How come u got mc?
",0,0,0.9994886,0,0.9990669,1,0.9998361,2,0.6337131,0,0.9232635
"I dun believe u. I thk u told him.
",0,0,0.9994881,0,0.9990176,1,0.99982303,2,0.44293725,0,0.69747734
"I have 2 docs appointments next week.:/ I'm tired of them shoving stuff up me. Ugh why couldn't I have had a normal body?
",0,0,0.9994881,0,0.9925523,1,0.91556543,2,0.5747601,0,0.9685621
"Wait 2 min..stand at bus stop
",0,0,0.9994879,0,0.95257866,1,0.9998765,0,0.4499553,1,0.81946
"No message..no responce..what happend?
",0,0,0.9994879,0,0.9993236,1,0.99979216,1,0.61989623,0,0.6145095
"No message..no responce..what happend?
",0,0,0.9994879,0,0.9993236,1,0.99979216,1,0.61989623,0,0.6145095
"No message..no responce..what happend?
",0,0,0.9994879,0,0.9993236,1,0.99979216,1,0.61989623,0,0.6145095
"I'm not driving... Raining! Then i'll get caught at e mrt station lor.
",0,0,0.9994869,0,0.990121,1,0.99986565,2,0.5169895,0,0.5448927
"Hey. What happened? U switch off ur cell d whole day. This isnt good. Now if u do care, give me a call tomorrow.
",0,0,0.9994868,0,0.99635977,1,0.99948585,0,0.7794912,0,0.92404103
"No da:)he is stupid da..always sending like this:)don believe any of those message.pandy is a mental:)
",0,0,0.9994867,0,0.99388534,1,0.99986935,2,0.80099046,0,0.95700485
"Lol grr my mom is taking forever with my prescription. Pharmacy is like 2 minutes away. Ugh.
",0,0,0.9994861,0,0.9982317,1,0.9930686,2,0.43358496,0,0.76558435
"Sorry, it's a lot of friend-of-a-friend stuff, I'm just now about to talk to the actual guy who wants to buy
",0,0,0.99948585,0,0.9178243,1,0.9998512,2,0.60304725,1,0.6384062
"K..u also dont msg or reply to his msg..
",0,0,0.99948514,0,0.998095,1,0.9998832,2,0.4788584,0,0.5725247
"I've been trying to reach him without success
",0,0,0.999485,0,0.9966546,1,0.9877567,2,0.51749396,0,0.49984545
"I don't know, same thing that's wrong everyso often, he panicks starts goin on bout not bein good enough …
",0,0,0.9994848,0,0.992642,0,0.9261071,2,0.7841279,0,0.90835565
"Yavnt tried yet and never played original either
",0,0,0.9994848,0,0.9957728,1,0.9997631,1,0.40549782,0,0.5581718
"Or maybe my fat fingers just press all these buttons and it doesn't know what to do.
",0,0,0.99948466,0,0.99054015,1,0.9997141,2,0.5776288,0,0.7120753
"She just broke down a list of reasons why nobody's in town and I can't tell if she's being sarcastic or just faggy
",0,0,0.99948454,0,0.993785,1,0.9984774,2,0.7566733,0,0.84530574
"I am not at all happy with what you saying or doing
",0,0,0.9994844,0,0.9997589,0,0.9726055,1,0.4632784,0,0.96792567
"NO GIFTS!! You trying to get me to throw myself off a cliff or something?
",0,0,0.9994842,0,0.9989059,1,0.9996991,2,0.5704404,0,0.923896
"He's just gonna worry for nothing. And he won't give you money its no use.
",0,0,0.9994842,0,0.9998355,1,0.9997826,2,0.5455737,0,0.7828168
"Didn't try, g and I decided not to head out
",0,0,0.99948406,0,0.9971322,1,0.9995376,1,0.4142554,0,0.5250856
"How come u got nothing to do?
",0,0,0.99948394,0,0.9964748,1,0.9998573,2,0.50467134,0,0.65960824
"U horrible gal... U knew dat i was going out wif him yest n u still come n ask me...
",0,0,0.9994836,0,0.9953609,1,0.99981505,2,0.91897273,0,0.8737472
"If you don't respond imma assume you're still asleep and imma start calling n shit
",0,0,0.99948335,0,0.9908504,1,0.99984896,2,0.615142,0,0.7881399
"But you dint in touch with me.
",0,0,0.9994831,0,0.98703474,1,0.9998497,2,0.43393472,0,0.48776704
"Kind of. Just missed train cos of asthma attack, nxt one in half hr so driving in. not sure where to park.
",0,0,0.999483,0,0.93551314,1,0.95317215,2,0.6535169,0,0.8329468
"I didnt get anything da
",0,0,0.999483,0,0.9988273,1,0.9998235,2,0.41516697,0,0.62624556
"Sorry. You never hear unless you book it. One was kinda a joke--thet were really looking for skinny white girls. The other was one line--you can only do so much on camera with that. Something like that they're casting on the look.
",0,0,0.99948275,0,0.97312623,1,0.9998654,2,0.7638154,1,0.53301036
"Yup song bro. No creative. Neva test quality. He said check review online.
",0,0,0.9994823,0,0.99868256,1,0.9998431,2,0.48575017,1,0.58719116
"I attended but nothing is there.
",0,0,0.999482,0,0.99740916,1,0.9998727,1,0.6072793,0,0.61194724
"Nice. Wait...should you be texting right now? I'm not gonna pay your ticket, ya know!
",0,0,0.9994815,0,0.9902884,1,0.99986124,0,0.6360111,0,0.5341787
"I can't speak, bcaz mobile have problem. I can listen you but you cann't listen my voice. So i calls you later.
",0,0,0.9994815,0,0.9852019,1,0.9998386,2,0.5429699,0,0.70644933
"Why didn't u call on your lunch?
",0,0,0.99948126,0,0.9971301,1,0.9998641,2,0.43392766,0,0.49183103
"Hey what are you doing. Y no reply pa..
",0,0,0.99948114,0,0.99561536,1,0.9998344,1,0.5324563,1,0.6500507
"I got it before the new year cos yetunde said she wanted to surprise you with it but when i didnt see money i returned it mid january before the  &lt;#&gt; day return period ended.
",0,0,0.999481,0,0.9951208,1,0.9998387,0,0.40690038,1,0.6259059
"i cant talk to you now.i will call when i can.dont keep calling.
",0,0,0.9994809,0,0.9969228,1,0.9998554,0,0.39047253,0,0.69613403
"Ah poop. Looks like ill prob have to send in my laptop to get fixed cuz it has a gpu problem
",0,0,0.9994802,0,0.99494004,0,0.593642,2,0.6574588,0,0.92388177
"Now got tv 2 watch meh? U no work today?
",0,0,0.9994797,0,0.9982951,1,0.99979526,2,0.5141499,1,0.8755801
"Not able to do anything.
",0,0,0.9994795,0,0.9995252,1,0.9951001,2,0.54923624,0,0.8731728
"Even my brother is not like to speak with me. They treat me like aids patent.
",0,0,0.99947935,0,0.9996592,1,0.9998022,1,0.4880514,0,0.94262683
"Re your call; You didn't see my facebook huh?
",0,0,0.99947935,0,0.8495638,1,0.9998745,2,0.43146,1,0.5923777
"That's very rude, you on campus?
",0,0,0.99947923,0,0.9989761,1,0.9959126,2,0.6840385,0,0.96273404
"Message:some text missing* Sender:Name Missing* *Number Missing *Sent:Date missing *Missing U a lot thats y everything is missing sent via fullonsms.com
",0,0,0.9994791,0,0.9917647,1,0.9998066,2,0.67372066,0,0.8340816
"Message:some text missing* Sender:Name Missing* *Number Missing *Sent:Date missing *Missing U a lot thats y everything is missing sent via fullonsms.com
",0,0,0.9994791,0,0.9917647,1,0.9998066,2,0.67372066,0,0.8340816
"This single single answers are we fighting? Plus i said am broke and you didnt reply
",0,0,0.9994783,0,0.99898165,1,0.99978095,2,0.6952992,0,0.86119115
"We tried to call you re your reply to our sms for a video mobile 750 mins UNLIMITED TEXT + free camcorder Reply of call 08000930705 Now
",1,0,0.9994986,0,0.9991412,1,0.9998628,0,0.47289857,1,0.8645409
"Missed call alert. These numbers called but left no message. 07008009200
",1,0,0.99947506,0,0.99488044,1,0.99982893,2,0.52723265,0,0.6989302
"This msg is for your mobile content order It has been resent as previous attempt failed due to network error Queries to customersqueries@netvision.uk.com
",1,0,0.9994654,0,0.9333507,1,0.78678226,2,0.4645623,0,0.800515
"Latest News! Police station toilet stolen, cops have nothing to go on!
",1,0,0.99946433,0,0.9989802,1,0.83792734,2,0.5510999,0,0.84819466
"TBS/PERSOLVO. been chasing us since Sept for£38 definitely not paying now thanks to your information. We will ignore them. Kath. Manchester.
",1,0,0.9994424,0,0.9987238,1,0.9995364,2,0.63887817,0,0.79499894
"Filthy stories and GIRLS waiting for your
",1,0,0.999426,0,0.99238425,1,0.9998461,0,0.4978443,1,0.6174619
"We tried to call you re your reply to our sms for a video mobile 750 mins UNLIMITED TEXT free camcorder Reply or call now 08000930705 Del Thurs
",1,0,0.9994024,0,0.9960199,1,0.99986255,0,0.47458065,1,0.8652204
"Reminder: You have not downloaded the content you have already paid for. Goto http://doit. mymoby. tv/ to collect your content.
",1,0,0.9992373,0,0.9891583,1,0.9998894,0,0.41087672,0,0.57386017
"u r subscribed 2 TEXTCOMP 250 wkly comp. 1st wk?s free question follows, subsequent wks charged@150p/msg.2 unsubscribe txt STOP 2 84128,custcare 08712405020
",1,0,0.9990926,0,0.99790096,1,0.9998878,0,0.37614846,1,0.87695026
"LookAtMe!: Thanks for your purchase of a video clip from LookAtMe!, you've been charged 35p. Think you can do better? Why not send a video in a MMSto 32323.
",1,0,0.9989862,0,0.99896765,1,0.9978422,0,0.83641255,1,0.43274662
"Text BANNEDUK to 89555 to see! cost 150p textoperator g696ga 18+ XXX
",1,0,0.9989832,0,0.99075526,1,0.999877,0,0.56387556,1,0.79748154
"This is the 2nd time we have tried to contact u. U have won the £1450 prize to claim just call 09053750005 b4 310303. T&Cs/stop SMS 08718725756. 140ppm
",1,0,0.9989635,0,0.98814386,2,0.70704806,0,0.5302263,1,0.6299012
"PRIVATE! Your 2003 Account Statement for <fone no> shows 800 un-redeemed S. I. M. points. Call 08715203656 Identifier Code: 42049 Expires 26/10/04
",1,0,0.9989159,0,0.998178,1,0.9998871,0,0.4138511,1,0.5993887
"PRIVATE! Your 2003 Account Statement for shows 800 un-redeemed S. I. M. points. Call 08715203652 Identifier Code: 42810 Expires 29/10/0
",1,0,0.99888736,0,0.9975096,1,0.9998882,0,0.4982225,1,0.72668904
"PRIVATE! Your 2003 Account Statement for 07753741225 shows 800 un-redeemed S. I. M. points. Call 08715203677 Identifier Code: 42478 Expires 24/10/04
",1,0,0.99882907,0,0.997566,1,0.9998895,0,0.50684094,1,0.639725
"Not heard from U4 a while. Call 4 rude chat private line 01223585334 to cum. Wan 2C pics of me gettin shagged then text PIX to 8552. 2End send STOP 8552 SAM xxx
",1,0,0.9988273,0,0.9990012,1,0.99982303,1,0.44729576,0,0.5736349
"Not heard from U4 a while. Call 4 rude chat private line 01223585334 to cum. Wan 2C pics of me gettin shagged then text PIX to 8552. 2End send STOP 8552 SAM xxx
",1,0,0.9988273,0,0.9990012,1,0.99982303,1,0.44729576,0,0.5736349
"PRIVATE! Your 2003 Account Statement for shows 800 un-redeemed S. I. M. points. Call 08719899230 Identifier Code: 41685 Expires 07/11/04
",1,0,0.99882287,0,0.99771106,1,0.99988747,0,0.49724114,1,0.7422986
"PRIVATE! Your 2003 Account Statement for 07808 XXXXXX shows 800 un-redeemed S. I. M. points. Call 08719899217 Identifier Code: 41685 Expires 07/11/04
",1,0,0.9988096,0,0.9979456,1,0.9998869,0,0.49405313,1,0.6091488
"PRIVATE! Your 2003 Account Statement for shows 800 un-redeemed S. I. M. points. Call 08715203694 Identifier Code: 40533 Expires 31/10/04
",1,0,0.99880385,0,0.99730754,1,0.99988794,0,0.4958517,1,0.727532
"PRIVATE! Your 2003 Account Statement for 07973788240 shows 800 un-redeemed S. I. M. points. Call 08715203649 Identifier Code: 40533 Expires 31/10/04
",1,0,0.9987863,0,0.9985292,1,0.9998876,0,0.49241975,1,0.61283904
"PRIVATE! Your 2003 Account Statement for 07808247860 shows 800 un-redeemed S. I. M. points. Call 08719899229 Identifier Code: 40411 Expires 06/11/04
",1,0,0.9987801,0,0.9983804,1,0.9998872,0,0.51756376,1,0.5900907
"PRIVATE! Your 2003 Account Statement for shows 800 un-redeemed S. I. M. points. Call 08718738002 Identifier Code: 48922 Expires 21/11/04
",1,0,0.9987526,0,0.9976158,1,0.9998871,0,0.49283063,1,0.7364618
"You'll not rcv any more msgs from the chat svc. For FREE Hardcore services text GO to: 69988 If u get nothing u must Age Verify with yr network & try again
",1,0,0.9987483,0,0.9944049,1,0.9998493,1,0.38131264,1,0.588742
"You are being ripped off! Get your mobile content from www.clubmoby.com call 08717509990 poly/true/Pix/Ringtones/Games six downloads for only 3
",1,0,0.9987243,0,0.99304295,1,0.9998022,2,0.6162119,0,0.628405
"Hi ya babe x u 4goten bout me?' scammers getting smart..Though this is a regular vodafone no, if you respond you get further prem rate msg/subscription. Other nos used also. Beware!
",1,0,0.9987212,0,0.99765164,1,0.99394,0,0.4587835,0,0.59973794
"Thanks for your ringtone order, ref number K718. Your mobile will be charged £4.50. Should your tone not arrive please call customer services on 09065069120
",1,0,0.99862325,0,0.9904721,1,0.9998665,0,0.90344775,1,0.57178247
"Customer service announcement. We recently tried to make a delivery to you but were unable to do so, please call 07099833605 to re-schedule. Ref:9280114
",1,0,0.99856085,0,0.99423355,1,0.99979025,2,0.34850085,0,0.60095876
"PRIVATE! Your 2003 Account Statement for 07815296484 shows 800 un-redeemed S.I.M. points. Call 08718738001 Identifier Code 41782 Expires 18/11/04 
",1,0,0.9985563,0,0.9985896,1,0.9998884,0,0.48972034,1,0.58991843
"PRIVATE! Your 2003 Account Statement for shows 800 un-redeemed S.I.M. points. Call 08715203685 Identifier Code:4xx26 Expires 13/10/04
",1,0,0.99853075,0,0.99853325,1,0.9998883,0,0.4958167,1,0.7190776
"PRIVATE! Your 2003 Account Statement for shows 800 un-redeemed S.I.M. points. Call 08718738001 Identifier Code: 49557 Expires 26/11/04
",1,0,0.9984812,0,0.99814105,1,0.9998889,0,0.5011575,1,0.70221156
"Our records indicate u maybe entitled to 5000 pounds in compensation for the Accident you had. To claim 4 free reply with CLAIM to this msg. 2 stop txt STOP
",1,0,0.99844056,0,0.9998017,1,0.9998344,0,0.5017182,1,0.69085044
"U were outbid by simonwatson5120 on the Shinco DVD Plyr. 2 bid again, visit sms. ac/smsrewards 2 end bid notifications, reply END OUT
",1,0,0.9983998,0,0.997486,1,0.9998745,2,0.4910444,1,0.76586276
"We tried to contact you re your reply to our offer of a Video Handset? 750 anytime networks mins? UNLIMITED TEXT? Camcorder? Reply or call 08000930705 NOW
",1,0,0.9983912,0,0.99152935,1,0.9998561,2,0.42871162,1,0.8542604
"Thanks for your ringtone order, ref number R836. Your mobile will be charged £4.50. Should your tone not arrive please call customer services on 09065069154
",1,0,0.9983816,0,0.98971516,1,0.9998653,0,0.9031807,1,0.5670277
"Customer service announcement. We recently tried to make a delivery to you but were unable to do so, please call 07090298926 to re-schedule. Ref:9307622
",1,0,0.99835014,0,0.99355847,1,0.99979466,2,0.34221867,0,0.59073603
"BangBabes Ur order is on the way. U SHOULD receive a Service Msg 2 download UR content. If U do not, GoTo wap. bangb. tv on UR mobile internet/service menu
",1,0,0.9983491,0,0.7485754,1,0.99986374,0,0.50312555,1,0.7161658
"Kit Strip - you have been billed 150p. Netcollex Ltd. PO Box 1013 IG11 OJA
",1,0,0.9983407,0,0.99781275,1,0.99988604,0,0.43868053,1,0.80536324
"Someone has conacted our dating service and entered your phone because they fancy you!To find out who it is call from landline 09111030116. PoBox12n146tf15
",1,0,0.9983406,0,0.9981489,1,0.9998591,0,0.48642996,1,0.7233093
"ASKED 3MOBILE IF 0870 CHATLINES INCLU IN FREE MINS. INDIA CUST SERVs SED YES. L8ER GOT MEGA BILL. 3 DONT GIV A SHIT. BAILIFF DUE IN DAYS. I O £250 3 WANT £800
",1,0,0.9982023,0,0.99198735,1,0.99985945,0,0.4892759,1,0.529281
"Sorry I missed your call let's talk when you have the time. I'm on 07090201529
",1,0,0.9981395,0,0.89757013,1,0.99982953,2,0.50490266,1,0.52188355
"FreeMsg Hey there darling it's been 3 week's now and no word back! I'd like some fun you up for it still? Tb ok! XxX std chgs to send, £1.50 to rcv
",1,0,0.99808466,0,0.97896385,1,0.99967897,0,0.43542302,2,0.71006954
"we tried to contact you re your response to our offer of a new nokia fone and camcorder hit reply or call 08000930705 for delivery
",1,0,0.99808395,0,0.9730853,1,0.9997749,0,0.51316404,1,0.7852496
"Your 2004 account for 07XXXXXXXXX shows 786 unredeemed points. To claim call 08719181259 Identifier code: XXXXX Expires 26.03.05
",1,0,0.9979377,0,0.9962131,1,0.99988425,2,0.43936446,1,0.6223132
"Someone has contacted our dating service and entered your phone becausethey fancy you! To find out who it is call from a landline 09058098002. PoBox1, W14RG 150p
",1,0,0.99781185,0,0.9792733,1,0.9998331,0,0.7225317,1,0.7257666
"Not heard from U4 a while. Call me now am here all night with just my knickers on. Make me beg for it like U did last time 01223585236 XX Luv Nikiyu4.net
",1,0,0.99772877,0,0.97266203,1,0.9998392,1,0.42429495,1,0.52197176
"We tried to contact you re your reply to our offer of 750 mins 150 textand a new video phone call 08002988890 now or reply for free delivery tomorrow
",1,0,0.9975713,0,0.98974013,1,0.99984574,0,0.5081514,1,0.71164596
"0A$NETWORKS allow companies to bill for SMS, so they are responsible for their ""suppliers"", just as a shop has to give a guarantee on what they sell. B. G.
",1,0,0.99752015,0,0.9971072,1,0.99988735,2,0.52818966,1,0.7627545
"Thanks for your ringtone order, reference number X29. Your mobile will be charged 4.50. Should your tone not arrive please call customer services 09065989180
",1,0,0.9974769,0,0.9919504,1,0.9998795,0,0.9155486,1,0.5651837
"URGENT This is our 2nd attempt to contact U. Your £900 prize from YESTERDAY is still awaiting collection. To claim CALL NOW 09061702893. ACL03530150PM
",1,0,0.99744344,0,0.99188316,1,0.9998691,0,0.55403364,1,0.7343567
"Free msg. Sorry, a service you ordered from 81303 could not be delivered as you do not have sufficient credit. Please top up to receive the service.
",1,0,0.9973416,0,0.9403307,1,0.99955314,2,0.4609737,0,0.85002005
"URGENT! Your Mobile No was awarded a £2,000 Bonus Caller Prize on 1/08/03! This is our 2nd attempt to contact YOU! Call 0871-4719-523 BOX95QU BT National Rate
",1,0,0.99719965,0,0.96750855,1,0.9895008,0,0.51205784,2,0.81559306
"URGENT This is our 2nd attempt to contact U. Your £900 prize from YESTERDAY is still awaiting collection. To claim CALL NOW 09061702893
",1,0,0.99717724,0,0.9929852,1,0.99987483,0,0.5658765,1,0.7566469
"Thanks for your ringtone order, reference number X49. Your mobile will be charged 4.50. Should your tone not arrive please call customer services 09065989182. From: [colour=red]text[/colour]TXTstar
",1,0,0.99715555,0,0.9878898,1,0.999877,0,0.86938256,1,0.59321034
"Someone has contacted our dating service and entered your phone because they fancy you! To find out who it is call from a landline 09111032124 . PoBox12n146tf150p
",1,0,0.99699223,0,0.99456465,1,0.99986255,0,0.5598902,1,0.6914879
"Hi, the SEXYCHAT girls are waiting for you to text them. Text now for a great night chatting. send STOP to stop this service
",1,0,0.99683505,0,0.9985637,1,0.99964726,0,0.73317707,0,0.5124461
"Your unique user ID is 1172. For removal send STOP to 87239 customer services 08708034412
",1,0,0.9965396,0,0.9987702,1,0.9998777,0,0.5621693,1,0.71618366
"We tried to contact you re your reply to our offer of a Video Handset? 750 anytime any networks mins? UNLIMITED TEXT? Camcorder? Reply or call 08000930705 NOW
",1,0,0.9964897,0,0.9918915,1,0.9998491,2,0.42770764,1,0.87330717
"Thanks for your ringtone order, reference number X49.Your mobile will be charged 4.50. Should your tone not arrive please call customer services 09065989182
",1,0,0.99646723,0,0.9908697,1,0.9998789,0,0.9127392,1,0.57590383
"Someonone you know is trying to contact you via our dating service! To find out who it could be call from your mobile or landline 09064015307 BOX334SK38ch 
",1,0,0.99631447,0,0.95649344,1,0.9998671,0,0.5301387,1,0.86494815
"FreeMsg Why haven't you replied to my text? I'm Randy, sexy, female and live local. Luv to hear from u. Netcollex Ltd 08700621170150p per msg reply Stop to end
",1,0,0.9961882,0,0.979829,1,0.99986255,0,0.40730834,2,0.47034004
"Sorry! U can not unsubscribe yet. THE MOB offer package has a min term of 54 weeks> pls resubmit request after expiry. Reply THEMOB HELP 4 more info
",1,0,0.99543977,0,0.99296254,1,0.9998752,2,0.7285349,0,0.58572096
"We tried to contact you re your reply to our offer of a Video Phone 750 anytime any network mins Half Price Line Rental Camcorder Reply or call 08000930705
",1,0,0.9952058,0,0.9825654,1,0.9998338,0,0.4769451,1,0.8689669
"Tone Club: Your subs has now expired 2 re-sub reply MONOC 4 monos or POLYC 4 polys 1 weekly @ 150p per week Txt STOP 2 stop This msg free Stream 0871212025016
",1,0,0.9952035,0,0.99397814,1,0.9984124,0,0.5109024,1,0.571698
"Ur TONEXS subscription has been renewed and you have been charged £4.50. You can choose 10 more polys this month. www.clubzed.co.uk *BILLING MSG*
",1,0,0.99516183,0,0.89009106,1,0.9970927,2,0.48622143,1,0.6298635
"Here is your discount code RP176781. To stop further messages reply stop. www.regalportfolio.co.uk. Customer Services 08717205546
",1,0,0.99483657,0,0.9954763,1,0.99987984,0,0.46745571,1,0.5998492
"CALL 09090900040 & LISTEN TO EXTREME DIRTY LIVE CHAT GOING ON IN THE OFFICE RIGHT NOW TOTAL PRIVACY NO ONE KNOWS YOUR [sic] LISTENING 60P MIN 24/7MP 0870753331018+
",1,0,0.99474204,0,0.9993625,1,0.99987173,0,0.5405546,1,0.52438825
"This message is free. Welcome to the new & improved Sex & Dogging club! To unsubscribe from this service reply STOP. msgs@150p 18+only
",1,0,0.9946918,0,0.89106596,1,0.9998276,0,0.82563025,2,0.6468418
"The current leading bid is 151. To pause this auction send OUT. Customer Care: 08718726270
",1,0,0.9944185,0,0.99569726,1,0.9998776,0,0.49944207,1,0.7654739
"09066362231 URGENT! Your mobile No 07xxxxxxxxx won a £2,000 bonus caller prize on 02/06/03! this is the 2nd attempt to reach YOU! call 09066362231 ASAP!
",1,0,0.9943857,0,0.79313564,2,0.9985079,0,0.62449974,2,0.77853537
"As one of our registered subscribers u can enter the draw 4 a 100 G.B. gift voucher by replying with ENTER. To unsubscribe text STOP
",1,0,0.99428624,0,0.9812044,1,0.99988914,0,0.5348273,1,0.77168876
"You can stop further club tones by replying ""STOP MIX"" See my-tone.com/enjoy. html for terms. Club tones cost GBP4.50/week. MFL, PO Box 1146 MK45 2WT (2/3)
",1,0,0.99368346,0,0.980966,1,0.99988484,0,0.6843168,1,0.622419
"+449071512431 URGENT! This is the 2nd attempt to contact U!U have WON £1250 CALL 09071512433 b4 050703 T&CsBCM4235WC1N3XX. callcost 150ppm mobilesvary. max£7. 50
",1,0,0.9934504,0,0.9846918,1,0.99986863,0,0.5384173,1,0.7880759
"Bought one ringtone and now getting texts costing 3 pound offering more tones etc
",1,0,0.99342346,0,0.99830025,1,0.9992292,0,0.4779255,1,0.5333859
"IMPORTANT MESSAGE. This is a final contact attempt. You have important messages waiting out our customer claims dept. Expires 13/4/04. Call 08717507382 NOW!
",1,0,0.99318933,0,0.99351126,1,0.9998766,2,0.5028415,1,0.6698174
"Hey I am really horny want to chat or see me naked text hot to 69698 text charged at 150pm to unsubscribe text stop 69698
",1,0,0.9926563,0,0.9889236,1,0.9998091,2,0.46136594,1,0.5157571
"GSOH? Good with SPAM the ladies?U could b a male gigolo? 2 join the uk's fastest growing mens club reply ONCALL. mjzgroup. 08714342399.2stop reply STOP. msg@£1.50rcvd
",1,0,0.9925095,0,0.9940546,1,0.99786633,0,0.6343596,2,0.56150377
"You are being contacted by our dating service by someone you know! To find out who it is, call from a land line 09050000878. PoBox45W2TG150P
",1,0,0.99242824,0,0.91065806,1,0.99987495,0,0.49776337,1,0.8648725
"PRIVATE! Your 2003 Account Statement for 078
",1,0,0.992409,0,0.8861541,1,0.9998895,0,0.618556,1,0.81095755
"SMS SERVICES. for your inclusive text credits, pls goto www.comuk.net login= ***** unsubscribe with STOP. no extra charge. help:08700469649. PO BOX420. IP4 5WE
",1,0,0.9923971,0,0.9948084,1,0.9998801,0,0.44387308,1,0.69154465
"URGENT! Your Mobile No 07808726822 was awarded a £2,000 Bonus Caller Prize on 02/09/03! This is our 2nd attempt to contact YOU! Call 0871-872-9758 BOX95QU
",1,0,0.9919276,0,0.9390391,2,0.9519551,0,0.68543285,2,0.81721807
"You have 1 new voicemail. Please call 08719181503
",1,0,0.9918933,0,0.9731267,1,0.9998752,0,0.50124604,1,0.851788
"This message is free. Welcome to the new & improved Sex & Dogging club! To unsubscribe from this service reply STOP. msgs@150p 18 only
",1,0,0.9918727,0,0.8700818,1,0.9998343,0,0.82368326,2,0.6317111
"Dear 0776xxxxxxx U've been invited to XCHAT. This is our final attempt to contact u! Txt CHAT to 86688 150p/MsgrcvdHG/Suite342/2Lands/Row/W1J6HL LDN 18yrs 
",1,0,0.9917846,0,0.98878515,1,0.99984753,0,0.59821737,2,0.52177656
"You have 1 new message. Please call 08712400200.
",1,0,0.99175525,0,0.97118485,1,0.9998791,0,0.50323373,1,0.8420942
"You are being contacted by our dating service by someone you know! To find out who it is, call from a land line 09050000928. PoBox45W2TG150P
",1,0,0.9916204,0,0.92352474,1,0.9998746,0,0.49827862,1,0.8640493
"Dear 0776xxxxxxx U've been invited to XCHAT. This is our final attempt to contact u! Txt CHAT to 86688 150p/MsgrcvdHG/Suite342/2Lands/Row/W1J6HL LDN 18yrs
",1,0,0.9915803,0,0.98915136,1,0.99984837,0,0.59821737,2,0.50707495
"You have 1 new message. Please call 08715205273
",1,0,0.9912465,0,0.96937156,1,0.99987483,0,0.5360362,1,0.838641
"Monthly password for wap. mobsi.com is 391784. Use your wap phone not PC.
",1,0,0.99073035,0,0.7188365,1,0.99989283,0,0.50965726,1,0.6731004
"Do you ever notice that when you're driving, anyone going slower than you is an idiot and everyone driving faster than you is a maniac?
",1,0,0.9906765,0,0.96206295,1,0.999762,2,0.7272699,0,0.7765924
"Thanks for your Ringtone Order, Reference T91. You will be charged GBP 4 per week. You can unsubscribe at anytime by calling customer services on 09057039994
",1,0,0.9905275,0,0.9894427,1,0.9998791,0,0.9022047,1,0.5702876
"SMS. ac Sptv: The New Jersey Devils and the Detroit Red Wings play Ice Hockey. Correct or Incorrect? End? Reply END SPTV
",1,0,0.9904917,0,0.9764019,1,0.99980646,2,0.41349444,1,0.66370106
"FREEMSG: Our records indicate you may be entitled to 3750 pounds for the Accident you had. To claim for free reply with YES to this msg. To opt out text STOP
",1,0,0.9903752,0,0.99773586,1,0.9998708,0,0.48306233,1,0.6971426
"How come it takes so little time for a child who is afraid of the dark to become a teenager who wants to stay out all night?
",1,0,0.99034446,0,0.99624264,1,0.9997887,2,0.5000057,0,0.75023276
"URGENT!: Your Mobile No. was awarded a £2,000 Bonus Caller Prize on 02/09/03! This is our 2nd attempt to contact YOU! Call 0871-872-9755 BOX95QU
",1,0,0.99034345,0,0.8053976,2,0.8796283,0,0.63212603,2,0.8365916
"You are being contacted by our Dating Service by someone you know! To find out who it is, call from your mobile or landline 09064017305 PoBox75LDNS7 
",1,0,0.9898788,0,0.93316597,1,0.9998784,0,0.46040103,1,0.85880846
"You have 1 new message. Call 0207-083-6089
",1,0,0.98967415,0,0.92082673,1,0.99988186,0,0.61820996,1,0.8401853
"07732584351 - Rodger Burns - MSG = We tried to call you re your reply to our sms for a free nokia mobile + free camcorder. Please call now 08000930705 for delivery tomorrow
",1,0,0.9894855,0,0.983433,1,0.99984527,0,0.47503796,1,0.8118225
"SMSSERVICES. for yourinclusive text credits, pls goto www.comuk.net login= 3qxj9 unsubscribe with STOP, no extra charge. help 08702840625.COMUK. 220-CM2 9AE
",1,0,0.98945355,0,0.95128006,1,0.9998878,0,0.39302042,1,0.7362659
"<Forwarded from 21870000>Hi - this is your Mailbox Messaging SMS alert. You have 4 messages. You have 21 matches. Please call back on 09056242159 to retrieve your messages and matches
",1,0,0.9891305,0,0.9897849,1,0.9998754,0,0.4523274,1,0.69912165
"Thanks a lot for your wishes on my birthday. Thanks you for making my birthday truly memorable.
",0,1,0.99893385,1,0.9983216,1,0.5059341,0,0.97078156,2,0.99168444
"You have come into my life and brought the sun ..Shiny down on me, warming my heart. Putting a constant smile on my face ... Making me feel loved and cared for
",0,1,0.99892956,1,0.99985373,1,0.5142437,0,0.80501354,2,0.97432196
"Have a lovely night and when you wake up to see this message, i hope you smile knowing all is as should be. Have a great morning
",0,1,0.99892837,1,0.9731898,1,0.6677164,0,0.9323781,2,0.9877509
"I'm so in love with you. I'm excited each day i spend with you. You make me so happy.
",0,1,0.998922,1,0.9997962,2,0.99409735,0,0.98455447,2,0.9928832
"Thanks. Fills me with complete calm and reassurance! 
",0,1,0.9989146,1,0.9996228,2,0.89461184,0,0.9585885,2,0.9522348
"Thanks for being there for me just to talk to on saturday. You are very dear to me. I cherish having you as a brother and role model.
",0,1,0.9989145,1,0.9990588,1,0.99132264,0,0.8490286,2,0.9882129
"Ummmmmaah Many many happy returns of d day my dear sweet heart.. HAPPY BIRTHDAY dear
",0,1,0.9989128,1,0.99829763,2,0.9853976,0,0.9390785,2,0.9927019
"Ummmmmaah Many many happy returns of d day my dear sweet heart.. HAPPY BIRTHDAY dear
",0,1,0.9989128,1,0.99829763,2,0.9853976,0,0.9390785,2,0.9927019
"Ummmmmaah Many many happy returns of d day my dear sweet heart.. HAPPY BIRTHDAY dear
",0,1,0.9989128,1,0.99829763,2,0.9853976,0,0.9390785,2,0.9927019
"Merry Christmas to you too babe, i love ya *kisses*
",0,1,0.9989103,1,0.9986665,1,0.99866617,0,0.93534625,2,0.9858746
"Allo! We have braved the buses and taken on the trains and triumphed. I mean we‘re in b‘ham. Have a jolly good rest of week
",0,1,0.99890935,1,0.99654996,2,0.9975777,0,0.84839404,2,0.9606745
"Feel Yourself That You Are Always Happy.. Slowly It Becomes Your Habit &amp; Finally It Becomes Part Of Your Life.. Follow It.. Happy Morning &amp; Have A Happy Day:)
",0,1,0.9989091,1,0.99750936,1,0.993343,0,0.97255015,2,0.9681948
"Christmas is An occasion that is Celebrated as a Reflection of UR... Values..., Desires..., Affections...&amp; Traditions.... Have an ideal Christmas...
",0,1,0.99890876,1,0.9727182,1,0.9953187,0,0.93464303,2,0.9294043
"Faith makes things possible,Hope makes things work,Love makes things beautiful,May you have all three this Christmas!Merry Christmas!
",0,1,0.99890816,1,0.99940526,1,0.99057406,0,0.9755726,2,0.9804812
"I'm very happy for you babe ! Woo hoo party on dude!
",0,1,0.9989047,1,0.9991322,2,0.9896213,0,0.97716993,2,0.99341005
"Just glad to be talking to you.
",0,1,0.9989039,1,0.9910479,1,0.99861157,0,0.46068087,2,0.9812841
"Happy new year to u and ur family...may this new year bring happiness , stability and tranquility to ur vibrant colourful life:):)
",0,1,0.99890375,1,0.99722254,2,0.9980496,0,0.9203872,2,0.990577
"I will treasure every moment we spend together...
",0,1,0.9989034,1,0.99971646,1,0.99966383,0,0.6254451,2,0.96937484
"Wishing you and your family Merry ""X"" mas and HAPPY NEW Year in advance..
",0,1,0.99890196,1,0.9825339,2,0.7251892,0,0.8821383,2,0.9821748
"Wishing you and your family Merry ""X"" mas and HAPPY NEW Year in advance..
",0,1,0.99890196,1,0.9825339,2,0.7251892,0,0.8821383,2,0.9821748
"Wishing you and your family Merry ""X"" mas and HAPPY NEW Year in advance..
",0,1,0.99890196,1,0.9825339,2,0.7251892,0,0.8821383,2,0.9821748
"Cool breeze... Bright sun... Fresh flower... Twittering birds... All these waiting to wish u: ""GOODMORNING &amp; HAVE A NICE DAY"" :)
",0,1,0.99890125,1,0.9952258,1,0.99972075,0,0.928103,2,0.9763323
"Mmmmmm ... I love you,so much, Ahmad ... I can't wait for this year to begin as every second takes me closer to being at your side. Happy New Year, my love!!
",0,1,0.9989004,1,0.9996383,1,0.9219985,0,0.9512561,2,0.99314296
"Wishing you a beautiful day. Each moment revealing even more things to keep you smiling. Do enjoy it.
",0,1,0.9988977,1,0.9995425,2,0.8424679,0,0.95792556,2,0.9913617
"How. Its a little difficult but its a simple way to enter this place
",0,1,0.99889565,1,0.9964479,1,0.99987113,0,0.47994736,1,0.6011583
"Hanging out with my brother and his family
",0,1,0.9988952,1,0.97402716,1,0.99983716,0,0.40728965,1,0.80287415
"Good morning, my Love ... I go to sleep now and wish you a great day full of feeling better and opportunity ... You are my last thought babe, I LOVE YOU *kiss*
",0,1,0.9988933,1,0.99628687,2,0.9828607,0,0.9418623,2,0.9917659
"You made my day. Do have a great day too.
",0,1,0.9988927,1,0.99959,1,0.93162876,0,0.78962165,2,0.98935986
"I had a good time too. Its nice to do something a bit different with my weekends for a change. See ya soon
",0,1,0.99889165,1,0.9996593,2,0.90397805,0,0.9316779,2,0.9891293
"I've been searching for the right words to thank you for this breather. I promise i wont take your help for granted and will fulfil my promise. You have been wonderful and a blessing at all times.
",0,1,0.9988901,1,0.9985569,2,0.62154967,0,0.7990227,2,0.97145015
"Had the money issue weigh me down but thanks to you, I can breathe easier now. I.ll make sure you dont regret it. Thanks.
",0,1,0.9988895,1,0.9996635,2,0.99725145,0,0.7690953,2,0.86765856
"Congratulations ore mo owo re wa. Enjoy it and i wish you many happy moments to and fro wherever you go
",0,1,0.99888855,1,0.9978727,2,0.8869247,0,0.9427542,2,0.98893005
"Happy new year to u too!
",0,1,0.9988852,1,0.9933739,1,0.98903286,0,0.97436917,2,0.9864559
"As usual..iam fine, happy &amp; doing well..:)
",0,1,0.9988845,1,0.9935057,2,0.9870188,0,0.93630755,2,0.9668754
"As usual..iam fine, happy &amp; doing well..:)
",0,1,0.9988845,1,0.9935057,2,0.9870188,0,0.93630755,2,0.9668754
"As usual..iam fine, happy &amp; doing well..:)
",0,1,0.9988845,1,0.9935057,2,0.9870188,0,0.93630755,2,0.9668754
"Hey!!! I almost forgot ... Happy B-day babe ! I love ya!!
",0,1,0.998884,1,0.9977514,1,0.996747,0,0.9432643,2,0.9928718
"Me too! Have a lovely night xxx
",0,1,0.998884,1,0.99738115,1,0.9951113,0,0.9670843,2,0.9817316
"How are you doing? Hope you've settled in for the new school year. Just wishin you a gr8 day
",0,1,0.99888355,1,0.73106074,1,0.99362046,0,0.54332525,2,0.94758606
"How are you doing? Hope you've settled in for the new school year. Just wishin you a gr8 day
",0,1,0.99888355,1,0.73106074,1,0.99362046,0,0.54332525,2,0.94758606
"Mum, hope you are having a great day. Hoping this text meets you well and full of life. Have a great day. Abiola
",0,1,0.99888164,1,0.9833104,2,0.9158422,0,0.952098,2,0.9848087
"Merry christmas to u too annie!
",0,1,0.9988803,1,0.99268883,1,0.999406,0,0.47847962,2,0.9688243
"To the wonderful Okors, have a great month. We cherish you guys and wish you well each day. MojiBiola
",0,1,0.9988802,1,0.9976878,2,0.95835775,0,0.95273846,2,0.99208826
"Good morning princess! Have a great day!
",0,1,0.99887913,1,0.9911129,1,0.79985964,0,0.98829496,2,0.9910834
"What's up bruv, hope you had a great break. Do have a rewarding semester.
",0,1,0.9988778,1,0.77446985,2,0.7995952,0,0.6803319,2,0.97605395
"Thankyou so much for the call. I appreciate your care.
",0,1,0.9988778,1,0.851713,1,0.99436235,0,0.973578,2,0.9888925
"That's good. Lets thank God. Please complete the drug. Have lots of water. And have a beautiful day.
",0,1,0.99887735,1,0.98660696,1,0.83352464,0,0.9839408,2,0.979624
"Miles and smiles r made frm same letters but do u know d difference..? smile on ur face keeps me happy even though I am miles away from u.. :-)keep smiling.. Good nyt
",0,1,0.9988772,1,0.9991918,2,0.97093034,0,0.70366067,2,0.96907926
"Back in brum! Thanks for putting us up and keeping us all and happy. See you soon 
",0,1,0.9988765,1,0.9986829,1,0.99574476,0,0.9617697,2,0.98104274
"Yay can't wait to party together!
",0,1,0.9988765,1,0.99815136,1,0.96238834,2,0.3911285,2,0.9879661
"Many more happy returns of the day. I wish you happy birthday.
",0,1,0.9988759,1,0.9969348,2,0.8132214,0,0.94154537,2,0.99143785
"Hi the way I was with u 2day, is the normal way&this is the real me. UR unique&I hope I know u 4 the rest of mylife. Hope u find wot was lost.
",0,1,0.9988753,1,0.99901855,1,0.99977535,0,0.35035312,2,0.79219365
"Have a good trip. Watch out for . Remember when you get back we must decide about easter.
",0,1,0.99887294,1,0.9776368,1,0.99766964,0,0.9500942,2,0.89035594
"Company is very good.environment is terrific and food is really nice:)
",0,1,0.99886936,1,0.9990569,2,0.99639976,0,0.9738065,2,0.9887552
"Company is very good.environment is terrific and food is really nice:)
",0,1,0.99886936,1,0.9990569,2,0.99639976,0,0.9738065,2,0.9887552
"Hi :)finally i completed the course:)
",0,1,0.9988686,1,0.998922,1,0.999813,0,0.5431934,2,0.9621328
"I love working from home :)
",0,1,0.9988681,1,0.9990159,1,0.99962795,0,0.9478298,2,0.98620254
"Happy new year. Hope you are having a good semester
",0,1,0.9988669,1,0.9525284,2,0.5721059,0,0.96932775,2,0.98979914
"Rose needs water, season needs change, poet needs imagination..My phone needs ur sms and i need ur lovely frndship forever....
",0,1,0.9988668,1,0.90846777,1,0.9998462,0,0.8711747,2,0.7841972
"That would be great. We'll be at the Guild. Could meet on Bristol road or somewhere - will get in touch over weekend. Our plans take flight! Have a good week
",0,1,0.99886656,1,0.9894505,1,0.8841497,0,0.96805745,2,0.98783046
"We stopped to get ice cream and will go back after
",0,1,0.99886656,1,0.98373175,1,0.9998466,0,0.36139578,1,0.5192647
"Great. I was getting worried about you. Just know that a wonderful and caring person like you will have only the best in life. Know that u r wonderful and God's love is yours.
",0,1,0.99886584,1,0.99976724,1,0.9899997,2,0.63788575,2,0.96348464
"Wish u many many returns of the day.. Happy birthday vikky..
",0,1,0.9988655,1,0.99101907,1,0.85631156,0,0.8547036,2,0.98981535
"Yes i will be there. Glad you made it.
",0,1,0.9988651,1,0.9968263,1,0.998898,0,0.7533087,2,0.95006377
"Was actually about to send you a reminder today. Have a wonderful weekend
",0,1,0.9988651,1,0.8140303,1,0.98939055,0,0.48170653,2,0.97221565
"Good afternoon sexy buns! How goes the job search ? I wake and you are my first thought as always, my love. I wish your fine and happy and know I adore you!
",0,1,0.998865,1,0.9977456,1,0.997844,0,0.9646949,2,0.9907494
"A pure hearted person can have a wonderful smile that makes even his/her enemies to feel guilty for being an enemy.. So catch the world with your smile..:) GOODMORNING &amp; HAVE A SMILEY SUNDAY..:)
",0,1,0.9988649,1,0.9979169,1,0.99889034,2,0.48953414,2,0.95913804
"Thanks for ve lovely wisheds. You rock
",0,1,0.99886453,1,0.99813855,1,0.9987502,0,0.9838859,2,0.9862601
"Thanx 4 2day! U r a goodmate I THINK UR RITE SARY! ASUSUAL!1 U CHEERED ME UP! LOVE U FRANYxxxxx
",0,1,0.99886346,1,0.99759716,1,0.93717456,0,0.8624743,2,0.9862183
"Sending you greetings of joy and happiness. Do have a gr8 evening
",0,1,0.99886286,1,0.97523344,1,0.9992193,0,0.7893112,2,0.9786704
"Hope this text meets you smiling. If not then let this text give you a reason to smile. Have a beautiful day.
",0,1,0.99886274,1,0.9599921,1,0.565296,0,0.84746915,2,0.98303425
"Although i told u dat i'm into baig face watches now but i really like e watch u gave cos it's fr u. Thanx 4 everything dat u've done today, i'm touched...
",0,1,0.9988624,1,0.9988856,1,0.9993278,2,0.44939795,2,0.9430954
"&lt;#&gt;  is fast approaching. So, Wish u a very Happy New Year Happy Sankranti Happy republic day Happy Valentines Day Happy Shivratri Happy Ugadi Happy Fools day Happy May Day Happy Independence Day, Happy Friendship,Mother,Father,Teachers,Childrens Day, &amp; HAPPY BIRTHDAY 4 U. Happy Ganesh festival Happy Dasara Happy Diwali Happy Christmas  &lt;#&gt;  Good Mornings Afternoons, Evenings Nights. RememberI AM the first to WISHING U ALL THESE...your's Raj
",0,1,0.9988617,1,0.99447775,1,0.94547355,0,0.9518866,2,0.9760359
"""Hi its Kate it was lovely to see you tonight and ill phone you tomorrow. I got to sing and a guy gave me his card! xxx""
",0,1,0.99886143,1,0.9955177,1,0.99730515,0,0.9370395,2,0.97925353
"Busy here. Trying to finish for new year. I am looking forward to finally meeting you...
",0,1,0.9988613,1,0.9576715,1,0.9981464,0,0.5255136,2,0.9495364
"Good morning princess! Happy New Year!
",0,1,0.99886096,1,0.9893801,1,0.99753165,0,0.9892408,2,0.9879417
"It‘s reassuring, in this crazy world.
",0,1,0.99886084,1,0.98938435,2,0.9887849,2,0.7006042,2,0.7715635
"thanks for the temales it was wonderful. Thank. Have a great week.
",0,1,0.9988606,1,0.9983051,2,0.9193288,0,0.9778976,2,0.9924832
"I met you as a stranger and choose you as my friend. As long as the world stands, our friendship never ends. Lets be Friends forever!!! Gud nitz...
",0,1,0.99886,1,0.9997167,1,0.9997291,0,0.8238033,2,0.9363796
"I love you both too :-)
",0,1,0.9988599,1,0.9983752,1,0.99948347,0,0.9362459,2,0.9872364
"Moji i love you more than words. Have a rich day
",0,1,0.99885833,1,0.999038,1,0.8239379,0,0.93540037,2,0.9906256
"Hey pple...$700 or $900 for 5 nights...Excellent location wif breakfast hamper!!!
",0,1,0.9988569,1,0.9869086,1,0.7391618,0,0.7998196,2,0.91263235
"We made it! Eta at taunton is 12:30 as planned, hope that‘s still okday?! Good to see you! :-xx
",0,1,0.9988562,1,0.98997086,1,0.99557436,0,0.8531137,2,0.9824851
"Am watching house – very entertaining – am getting the whole hugh laurie thing – even with the stick – indeed especially with the stick.
",0,1,0.9988558,1,0.99783915,1,0.99712414,0,0.7922501,2,0.9304888
"Spending new years with my brother and his family. Lets plan to meet next week. Are you ready to be spoiled? :)
",0,1,0.9988551,1,0.997624,1,0.9996215,0,0.4592706,2,0.90976435
"Good Morning my Dear........... Have a great &amp; successful day.
",0,1,0.9988549,1,0.9743362,2,0.9976839,0,0.9674512,2,0.98612887
"Good Morning my Dear........... Have a great &amp; successful day.
",0,1,0.9988549,1,0.9743362,2,0.9976839,0,0.9674512,2,0.98612887
"The Xmas story is peace.. The Xmas msg is love.. The Xmas miracle is jesus.. Hav a blessed month ahead &amp; wish U Merry Xmas...
",0,1,0.9988545,1,0.99714917,1,0.7199791,0,0.8936528,2,0.97558355
"The Xmas story is peace.. The Xmas msg is love.. The Xmas miracle is jesus.. Hav a blessed month ahead &amp; wish U Merry Xmas...
",0,1,0.9988545,1,0.99714917,1,0.7199791,0,0.8936528,2,0.97558355
"No problem. We will be spending a lot of quality time together...
",0,1,0.99885404,1,0.99964523,1,0.9640683,0,0.6386688,2,0.9507477
"Thanks for loving me so. You rock
",0,1,0.99885297,1,0.9996536,1,0.9934163,0,0.9677141,2,0.98839426
"Have a great trip to India. And bring the light to everyone not just with the project but with everyone that is lucky to see you smile. Bye. Abiola
",0,1,0.9988527,1,0.9940593,2,0.8622357,0,0.89889294,2,0.9822459
"You intrepid duo you! Have a great time and see you both soon. 
",0,1,0.9988519,1,0.99918455,1,0.90730196,0,0.9238716,2,0.9876988
"You are gorgeous! keep those pix cumming :) thank you!
",0,1,0.9988519,1,0.9993368,1,0.99578756,0,0.5176455,2,0.99051625
"Good afternoon on this glorious anniversary day, my sweet J !! I hope this finds you happy and content, my Prey. I think of you and send a teasing kiss from across the sea coaxing images of fond souveniers ... You Cougar-Pen
",0,1,0.9988508,1,0.9951443,2,0.9204369,0,0.95381635,2,0.9879261
"Bognor it is! Should be splendid at this time of year.
",0,1,0.9988502,1,0.9970981,1,0.9964083,0,0.52943027,2,0.9854397
"Well done and ! luv ya all 
",0,1,0.99884975,1,0.99830246,1,0.91201866,0,0.8259799,2,0.97162026
"Wishing you a wonderful week.
",0,1,0.9988495,1,0.980684,2,0.65206534,0,0.94867873,2,0.9843897
"Have a good evening! Ttyl
",0,1,0.9988483,1,0.9491509,1,0.9984308,0,0.9671638,2,0.9847718
"Have a good evening! Ttyl
",0,1,0.9988483,1,0.9491509,1,0.9984308,0,0.9671638,2,0.9847718
"LIFE has never been this much fun and great until you came in. You made it truly special for me. I won't forget you! enjoy @ one gbp/sms
",1,1,0.9988857,1,0.9998498,2,0.5893922,0,0.7150952,2,0.992152
"Cashbin.co.uk (Get lots of cash this weekend!) www.cashbin.co.uk Dear Welcome to the weekend We have got our biggest and best EVER cash give away!! These..
",1,1,0.99885035,1,0.9994253,1,0.9954703,0,0.8603529,2,0.9807602
"Don't b floppy... b snappy & happy! Only gay chat service with photo upload call 08718730666 (10p/min). 2 stop our texts call 08712460324
",1,1,0.99884355,1,0.9266431,1,0.9998547,0,0.86522496,1,0.49289107
"Welcome to Select, an O2 service with added benefits. You can now call our specially trained advisors FREE from your mobile by dialling 402.
",1,1,0.99882644,1,0.9990596,2,0.5090901,0,0.7802165,2,0.9441283
"Burger King - Wanna play footy at a top stadium? Get 2 Burger King before 1st Sept and go Large or Super with Coca-Cola and walk out a winner
",1,1,0.99881727,1,0.9947195,1,0.9997403,0,0.5730527,2,0.50923276
"87077: Kick off a new season with 2wks FREE goals & news to ur mobile! Txt ur club name to 87077 eg VILLA to 87077
",1,1,0.99881005,1,0.9970251,1,0.99985623,0,0.6323272,1,0.4990922
"You will be receiving this week's Triple Echo ringtone shortly. Enjoy it!
",1,1,0.998792,1,0.9899704,1,0.99983966,0,0.88352734,2,0.97556907
"Hi there, 2nights ur lucky night! Uve been invited 2 XCHAT, the Uks wildest chat! Txt CHAT to 86688 now! 150p/MsgrcvdHG/Suite342/2Lands/Row/W1J6HL LDN 18yrs
",1,1,0.9987735,1,0.9964669,1,0.91343826,0,0.9018166,2,0.9550824
"Congrats! 1 year special cinema pass for 2 is yours. call 09061209465 now! C Suprman V, Matrix3, StarWars3, etc all 4 FREE! bx420-ip4-5we. 150pm. Dont miss out! 
",1,1,0.99876606,1,0.999796,1,0.999159,0,0.92790526,2,0.9699838
"Get your garden ready for summer with a FREE selection of summer bulbs and seeds worth £33:50 only with The Scotsman this Saturday. To stop go2 notxt.co.uk
",1,1,0.9987638,1,0.99938405,1,0.9998234,0,0.621434,2,0.72805107
"Get your garden ready for summer with a FREE selection of summer bulbs and seeds worth £33:50 only with The Scotsman this Saturday. To stop go2 notxt.co.uk
",1,1,0.9987638,1,0.99938405,1,0.9998234,0,0.621434,2,0.72805107
"Our brand new mobile music service is now live. The free music player will arrive shortly. Just install on your phone to browse content from the top artists.
",1,1,0.9987576,1,0.99838734,1,0.9998683,0,0.6390074,2,0.8677487
"Block Breaker now comes in deluxe format with new features and great graphics from T-Mobile. Buy for just £5 by replying GET BBDELUXE and take the challenge
",1,1,0.9987556,1,0.9984193,1,0.9994999,0,0.8732132,2,0.93668646
"Congrats! 1 year special cinema pass for 2 is yours. call 09061209465 now! C Suprman V, Matrix3, StarWars3, etc all 4 FREE! bx420-ip4-5we. 150pm. Dont miss out!
",1,1,0.99875367,1,0.9997849,1,0.9989876,0,0.92790526,2,0.96956193
"Congrats! 1 year special cinema pass for 2 is yours. call 09061209465 now! C Suprman V, Matrix3, StarWars3, etc all 4 FREE! bx420-ip4-5we. 150pm. Dont miss out!
",1,1,0.99875367,1,0.9997849,1,0.9989876,0,0.92790526,2,0.96956193
"Twinks, bears, scallies, skins and jocks are calling now. Don't miss the weekend's fun. Call 08712466669 at 10p/min. 2 stop texts call 08712460324(nat rate)
",1,1,0.9987458,1,0.9994374,1,0.99987066,0,0.42838922,2,0.79719794
"SplashMobile: Choose from 1000s of gr8 tones each wk! This is a subscrition service with weekly tones costing 300p. U have one credit - kick back and ENJOY
",1,1,0.9987445,1,0.9985355,1,0.99988484,0,0.5407617,2,0.69858736
"Message Important information for O2 user. Today is your lucky day! 2 find out why log onto http://www.urawinner.com there is a fantastic surprise awaiting you
",1,1,0.99874014,1,0.9902664,1,0.9987853,0,0.9412761,2,0.984359
"Talk sexy!! Make new friends or fall in love in the worlds most discreet text dating service. Just text VIP to 83110 and see who you could meet.
",1,1,0.99874,1,0.99976355,1,0.9995833,0,0.917108,2,0.91355664
"Congrats! 2 mobile 3G Videophones R yours. call 09063458130 now! videochat wid your mates, play java games, Dload polyPH music, noline rentl.
",1,1,0.99873525,1,0.99713093,1,0.99946016,0,0.93941295,2,0.93101054
"Ringtone Club: Get the UK singles chart on your mobile each week and choose any top quality ringtone! This message is free of charge.
",1,1,0.9987338,1,0.9995913,1,0.99987805,0,0.7693805,2,0.6806857
"TheMob> Check out our newest selection of content, Games, Tones, Gossip, babes and sport, Keep your mobile fit and funky text WAP to 82468
",1,1,0.9987331,1,0.998936,1,0.9998852,0,0.7012127,2,0.56662184
"Save money on wedding lingerie at www.bridal.petticoatdreams.co.uk Choose from a superb selection with national delivery. Brought to you by WeddingFriend
",1,1,0.99873036,1,0.9995332,2,0.94635457,0,0.82941425,2,0.8890494
"Spook up your mob with a Halloween collection of a logo & pic message plus a free eerie tone, txt CARD SPOOK to 8007 zed 08701417012150p per logo/pic 
",1,1,0.99871135,1,0.97057086,1,0.9998807,0,0.63779885,1,0.6526246
"+123 Congratulations - in this week's competition draw u have won the £1450 prize to claim just call 09050002311 b4280703. T&Cs/stop SMS 08718727868. Over 18 only 150ppm
",1,1,0.99870884,1,0.98801684,2,0.99591786,0,0.71294594,2,0.95393175
"+123 Congratulations - in this week's competition draw u have won the £1450 prize to claim just call 09050002311 b4280703. T&Cs/stop SMS 08718727868. Over 18 only 150ppm
",1,1,0.99870884,1,0.98801684,2,0.99591786,0,0.71294594,2,0.95393175
"URGENT. Important information for 02 user. Today is your lucky day! 2 find out why , log onto http://www.urawinner.com there is a fantastic surprise awaiting you !
",1,1,0.998705,1,0.99571973,1,0.99946207,0,0.9362948,2,0.98408556
"Hello from Orange. For 1 month's free access to games, news and sport, plus 10 free texts and 20 photo messages, reply YES. Terms apply: www.orange.co.uk/ow
",1,1,0.9986972,1,0.99867356,1,0.99988043,0,0.644346,2,0.6763531
"Dear Voucher holder Have your next meal on us. Use the following link on your pc 2 enjoy a 2 4 1 dining experiencehttp://www.vouch4me.com/etlp/dining.asp
",1,1,0.998694,1,0.88716215,1,0.9998325,0,0.74445003,2,0.77274513
"Spook up your mob with a Halloween collection of a logo & pic message plus a free eerie tone, txt CARD SPOOK to 8007 zed 08701417012150p per logo/pic
",1,1,0.99869365,1,0.9725208,1,0.999879,0,0.63779885,1,0.6693705
"Enjoy the jamster videosound gold club with your credits for 2 new videosounds+2 logos+musicnews! get more fun from jamster.co.uk! 16+only Help? call: 09701213186 
",1,1,0.9986864,1,0.9983448,1,0.87113523,0,0.772756,2,0.9759587
"Congrats! 2 mobile 3G Videophones R yours. call 09061744553 now! videochat wid ur mates, play java games, Dload polyH music, noline rentl. bx420. ip4. 5we. 150pm
",1,1,0.9986744,1,0.99738246,1,0.99915695,0,0.9344169,2,0.9109678
"Congrats! 2 mobile 3G Videophones R yours. call 09061744553 now! videochat wid ur mates, play java games, Dload polyH music, noline rentl. bx420. ip4. 5we. 150pm
",1,1,0.9986744,1,0.99738246,1,0.99915695,0,0.9344169,2,0.9109678
"""For the most sparkling shopping breaks from 45 per person; call 0121 2025050 or visit www.shortbreaks.org.uk""
",1,1,0.9986659,1,0.9914744,1,0.9998821,0,0.45381647,2,0.7539308
"Sppok up ur mob with a Halloween collection of nokia logo&pic message plus a FREE eerie tone, txt CARD SPOOK to 8007
",1,1,0.9986627,1,0.98438627,1,0.9998642,0,0.5430711,1,0.7865289
"Congratulations! Thanks to a good friend U have WON the £2,000 Xmas prize. 2 claim is easy, just call 08718726978 NOW! Only 10p per minute. BT-national-rate
",1,1,0.99865556,1,0.9995096,2,0.9931779,0,0.95500237,2,0.9875108
"Congratulations! Thanks to a good friend U have WON the £2,000 Xmas prize. 2 claim is easy, just call 08718726971 NOW! Only 10p per minute. BT-national-rate.
",1,1,0.99865156,1,0.9995907,2,0.9894577,0,0.95542186,2,0.98735005
"Congratulations - Thanks to a good friend U have WON the £2,000 Xmas prize. 2 claim is easy, just call 08712103738 NOW! Only 10p per minute. BT-national-rate
",1,1,0.9986494,1,0.9995372,2,0.99590623,0,0.89954615,2,0.98557484
"Free-message: Jamster!Get the crazy frog sound now! For poly text MAD1, for real text MAD2 to 88888. 6 crazy sounds for just 3 GBP/week! 16+only! T&C's apply
",1,1,0.99862933,1,0.9989599,1,0.9998783,0,0.7505889,2,0.54319817
"Romantic Paris. 2 nights, 2 flights from £79 Book now 4 next year. Call 08704439680Ts&Cs apply.
",1,1,0.9986268,1,0.99931276,1,0.99987495,0,0.760846,1,0.79512614
"Xmas & New Years Eve tickets are now on sale from the club, during the day from 10am till 8pm, and on Thurs, Fri & Sat night this week. They're selling fast!
",1,1,0.99862623,1,0.99860805,1,0.999313,0,0.7202414,2,0.7969588
"Congrats 2 mobile 3G Videophones R yours. call 09063458130 now! videochat wid ur mates, play java games, Dload polypH music, noline rentl. bx420. ip4. 5we. 150p
",1,1,0.9986242,1,0.9957749,1,0.9995376,0,0.8181097,2,0.8739477
"Congrats 2 mobile 3G Videophones R yours. call 09063458130 now! videochat wid ur mates, play java games, Dload polypH music, noline rentl. bx420. ip4. 5we. 150p
",1,1,0.9986242,1,0.9957749,1,0.9995376,0,0.8181097,2,0.8739477
"WOW! The Boys R Back. TAKE THAT 2007 UK Tour. Win VIP Tickets & pre-book with VIP Club. Txt CLUB to 81303. Trackmarque Ltd info@vipclub4u.
",1,1,0.9986198,1,0.9988938,1,0.9997279,0,0.6594163,2,0.79131633
"TheMob>Hit the link to get a premium Pink Panther game, the new no. 1 from Sugababes, a crazy Zebra animation or a badass Hoody wallpaper-all 4 FREE!
",1,1,0.99860483,1,0.99954444,1,0.9995752,0,0.8016428,2,0.72952265
"WIN: We have a winner! Mr. T. Foley won an iPod! More exciting prizes soon, so keep an eye on ur mobile or visit www.win-82050.co.uk
",1,1,0.99860066,1,0.9985765,2,0.99552983,0,0.95356005,2,0.982321
"WIN: We have a winner! Mr. T. Foley won an iPod! More exciting prizes soon, so keep an eye on ur mobile or visit www.win-82050.co.uk
",1,1,0.99860066,1,0.9985765,2,0.99552983,0,0.95356005,2,0.982321
"YOU HAVE WON! As a valued Vodafone customer our computer has picked YOU to win a £150 prize. To collect is easy. Just call 09061743386
",1,1,0.9985983,1,0.9976604,1,0.9329458,0,0.8826685,2,0.95428085
"YOU HAVE WON! As a valued Vodafone customer our computer has picked YOU to win a £150 prize. To collect is easy. Just call 09061743386 
",1,1,0.99859685,1,0.9976973,1,0.9312181,0,0.8826685,2,0.9528329
"XCLUSIVE@CLUBSAISAI 2MOROW 28/5 SOIREE SPECIALE ZOUK WITH NICHOLS FROM PARIS.FREE ROSES 2 ALL LADIES !!! info: 07946746291/07880867867 
",1,1,0.99857175,1,0.99140024,1,0.9998733,0,0.64131737,1,0.65106785
"Thanks 4 your continued support Your question this week will enter u in2 our draw 4 £100 cash. Name the NEW US President? txt ans to 80082
",1,1,0.9985696,1,0.9906301,1,0.9998696,0,0.8602535,2,0.81561637
"Oh my god! I've found your number again! I'm so glad, text me back xafter this msgs cst std ntwk chg £1.50
",1,1,0.99856925,1,0.9785619,1,0.7132014,0,0.8825906,2,0.9842248
"Hard LIVE 121 chat just 60p/min. Choose your girl and connect LIVE. Call 09094646899 now! Cheap Chat UK's biggest live service. VU BCM1896WC1N3XX
",1,1,0.99856323,1,0.99906534,1,0.999887,0,0.8161786,2,0.6831763
"Hard LIVE 121 chat just 60p/min. Choose your girl and connect LIVE. Call 09094646899 now! Cheap Chat UK's biggest live service. VU BCM1896WC1N3XX
",1,1,0.99856323,1,0.99906534,1,0.999887,0,0.8161786,2,0.6831763
"New TEXTBUDDY Chat 2 horny guys in ur area 4 just 25p Free 2 receive Search postcode or at gaytextbuddy.com. TXT ONE name to 89693
",1,1,0.9985464,1,0.99284714,1,0.9998838,0,0.49815562,1,0.7712989
"1000's flirting NOW! Txt GIRL or BLOKE & ur NAME & AGE, eg GIRL ZOE 18 to 8007 to join and get chatting!
",1,1,0.9985436,1,0.9715556,1,0.99986124,2,0.4984735,1,0.77929014
"3 FREE TAROT TEXTS! Find out about your love life now! TRY 3 FOR FREE! Text CHANCE to 85555 16 only! After 3 Free, Msgs £1.50 each
",1,1,0.9985434,1,0.99941385,1,0.99987876,0,0.8481505,2,0.6946033
"8007 FREE for 1st week! No1 Nokia tone 4 ur mob every week just txt NOKIA to 8007 Get txting and tell ur mates www.getzed.co.uk POBox 36504 W4 5WQ norm 150p/tone 16+
",1,1,0.99853945,1,0.9992956,1,0.999874,0,0.6743176,1,0.69001526
"Had your mobile 11mths ? Update for FREE to Oranges latest colour camera mobiles & unlimited weekend calls. Call Mobile Upd8 on freefone 08000839402 or 2StopTx
",1,1,0.9985368,1,0.9974057,1,0.99987566,0,0.41611925,1,0.65365684
"You won't believe it but it's true. It's Incredible Txts! Reply G now to learn truly amazing things that will blow your mind. From O2FWD only 18p/txt
",1,1,0.9985359,1,0.999713,1,0.9946877,0,0.41200322,2,0.9763229
"You won't believe it but it's true. It's Incredible Txts! Reply G now to learn truly amazing things that will blow your mind. From O2FWD only 18p/txt
",1,1,0.9985359,1,0.999713,1,0.9946877,0,0.41200322,2,0.9763229
"Your next amazing xxx PICSFREE1 video will be sent to you enjoy! If one vid is not enough for 2day text back the keyword PICSFREE1 to get the next video.
",1,1,0.9985355,1,0.9969944,1,0.9998171,0,0.86180127,2,0.94610286
"No. 1 Nokia Tone 4 ur mob every week! Just txt NOK to 87021. 1st Tone FREE ! so get txtin now and tell ur friends. 150p/tone. 16 reply HL 4info
",1,1,0.99853075,1,0.9992362,1,0.9998683,0,0.6233903,1,0.70329714
"No. 1 Nokia Tone 4 ur mob every week! Just txt NOK to 87021. 1st Tone FREE ! so get txtin now and tell ur friends. 150p/tone. 16 reply HL 4info
",1,1,0.99853075,1,0.9992362,1,0.9998683,0,0.6233903,1,0.70329714
"Show ur colours! Euro 2004 2-4-1 Offer! Get an England Flag & 3Lions tone on ur phone! Click on the following service message for info!
",1,1,0.9985267,1,0.99495065,1,0.999869,0,0.62797844,2,0.5206038
"Had your mobile 11mths ? Update for FREE to Oranges latest colour camera mobiles & unlimited weekend calls. Call Mobile Upd8 on freefone 08000839402 or 2StopTxt
",1,1,0.9985214,1,0.9980944,1,0.9998735,0,0.41781813,1,0.6420167
"Ringtone Club: Gr8 new polys direct to your mobile every week !
",1,1,0.9985097,1,0.9993717,1,0.99988675,0,0.67662114,1,0.6053169
"Congratulations YOU'VE Won. You're a Winner in our August £1000 Prize Draw. Call 09066660100 NOW. Prize Code 2309.
",1,1,0.99850816,1,0.9973278,1,0.9979171,0,0.8669404,2,0.9697971
"Mobile Club: Choose any of the top quality items for your mobile. 7cfca1a
",1,1,0.99849856,1,0.99890757,1,0.9998903,0,0.85399914,2,0.5561282
"Back 2 work 2morro half term over! Can U C me 2nite 4 some sexy passion B4 I have 2 go back? Chat NOW 09099726481 Luv DENA Calls £1/minMobsmoreLKPOBOX177HP51FL
",1,1,0.99849343,1,0.976158,1,0.99982053,0,0.5047233,2,0.6773938
"ROMCAPspam Everyone around should be responding well to your presence since you are so warm and outgoing. You are bringing in a real breath of sunshine.
",1,1,0.99849164,1,0.9963152,2,0.987535,0,0.5751145,2,0.9876324
"Collect your VALENTINE'S weekend to PARIS inc Flight & Hotel + £200 Prize guaranteed! Text: PARIS to No: 69101. www.rtf.sphosting.com
",1,1,0.99848974,1,0.99832875,1,0.9997719,0,0.7227391,1,0.5667831
"all the lastest from Stereophonics, Marley, Dizzee Racal, Libertines and The Strokes! Win Nookii games with Flirt!! Click TheMob WAP Bookmark or text WAP to 82468
",1,1,0.9984871,1,0.99849653,1,0.9998808,0,0.53419775,2,0.7735557
"As a valued customer, I am pleased to advise you that following recent review of your Mob No. you are awarded with a £1500 Bonus Prize, call 09066364589
",1,1,0.99847966,1,0.9588458,2,0.8003632,0,0.68290997,2,0.97178304
"As a valued customer, I am pleased to advise you that following recent review of your Mob No. you are awarded with a £1500 Bonus Prize, call 09066364589
",1,1,0.99847966,1,0.9588458,2,0.8003632,0,0.68290997,2,0.97178304
"FREE for 1st week! No1 Nokia tone 4 ur mob every week just txt NOKIA to 8007 Get txting and tell ur mates www.getzed.co.uk POBox 36504 W45WQ norm150p/tone 16+
",1,1,0.9984775,1,0.9993668,1,0.99987614,0,0.6484563,1,0.72939026
"FREE for 1st week! No1 Nokia tone 4 ur mob every week just txt NOKIA to 8007 Get txting and tell ur mates www.getzed.co.uk POBox 36504 W45WQ norm150p/tone 16+
",1,1,0.9984775,1,0.9993668,1,0.99987614,0,0.6484563,1,0.72939026
"FREE for 1st week! No1 Nokia tone 4 ur mob every week just txt NOKIA to 8007 Get txting and tell ur mates www.getzed.co.uk POBox 36504 W45WQ norm150p/tone 16+
",1,1,0.9984775,1,0.9993668,1,0.99987614,0,0.6484563,1,0.72939026
"FreeMsg Today's the day if you are ready! I'm horny & live in your town. I love sex fun & games! Netcollex Ltd 08700621170150p per msg reply Stop to end
",1,1,0.9984762,1,0.99181443,1,0.9998745,0,0.90273196,2,0.8976462
"SMS AUCTION - A BRAND NEW Nokia 7250 is up 4 auction today! Auction is FREE 2 join & take part! Txt NOKIA to 86021 now!
",1,1,0.9984756,1,0.988926,1,0.99987507,0,0.55581397,1,0.56559694
"SMS AUCTION - A BRAND NEW Nokia 7250 is up 4 auction today! Auction is FREE 2 join & take part! Txt NOKIA to 86021 now! HG/Suite342/2Lands Row/W1J6HL
",1,1,0.9984754,1,0.9901603,1,0.9998785,0,0.5798021,1,0.6288515
"As a valued customer, I am pleased to advise you that following recent review of your Mob No. you are awarded with a £1500 Bonus Prize, call 09066368470
",1,1,0.9984744,1,0.95962316,2,0.8490127,0,0.68462306,2,0.9723469
"WINNER! As a valued network customer you hvae been selected to receive a £900 reward! To collect call 09061701444. Valid 24 hours only. ACL03530150PM
",1,1,0.9984724,1,0.996185,1,0.992939,0,0.8190874,2,0.818617
"Hi babe its Chloe, how r u? I was smashed on saturday night, it was great! How was your weekend? U been missing me? SP visionsms.com Text stop to stop 150p/text
",1,1,0.9984711,1,0.9841644,1,0.9650396,0,0.7306836,2,0.8344943
"Text PASS to 69669 to collect your polyphonic ringtones. Normal gprs charges apply only. Enjoy your tones
",1,1,0.9984616,1,0.9942054,1,0.9998833,0,0.5347964,2,0.7462994
"Thanks for the Vote. Now sing along with the stars with Karaoke on your mobile. For a FREE link just reply with SING now.
",1,1,0.99845123,1,0.99952996,1,0.9998266,0,0.95520616,2,0.8709391
"tddnewsletter@emc1.co.uk (More games from TheDailyDraw) Dear Helen, Dozens of Free Games - with great prizesWith..
",1,1,0.99844897,1,0.99583036,1,0.92569417,0,0.86248106,2,0.874556
"18 days to Euro2004 kickoff! U will be kept informed of all the latest news and results daily. Unsubscribe send GET EURO STOP to 83222.
",1,1,0.998447,1,0.9900011,1,0.9998801,2,0.42860478,1,0.70386714
"18 days to Euro2004 kickoff! U will be kept informed of all the latest news and results daily. Unsubscribe send GET EURO STOP to 83222.
",1,1,0.998447,1,0.9900011,1,0.9998801,2,0.42860478,1,0.70386714
"FREE for 1st week! No1 Nokia tone 4 ur mob every week just txt NOKIA to 87077 Get txting and tell ur mates. zed POBox 36504 W45WQ norm150p/tone 16+
",1,1,0.9984345,1,0.9993432,1,0.9998791,0,0.65788895,1,0.75582546
"New TEXTBUDDY Chat 2 horny guys in ur area 4 just 25p Free 2 receive Search postcode or at gaytextbuddy.com. TXT ONE name to 89693. 08715500022 rpl Stop 2 cnl
",1,1,0.998431,1,0.9879453,1,0.9998802,0,0.49804288,1,0.79397273
"FREE2DAY sexy St George's Day pic of Jordan!Txt PIC to 89080 dont miss out, then every wk a saucy celeb!4 more pics c PocketBabe.co.uk 0870241182716 £3/wk
",1,1,0.9984297,1,0.9995511,1,0.99985886,0,0.6890129,2,0.81561005
"FREE2DAY sexy St George's Day pic of Jordan!Txt PIC to 89080 dont miss out, then every wk a saucy celeb!4 more pics c PocketBabe.co.uk 0870241182716 £3/wk
",1,1,0.9984297,1,0.9995511,1,0.99985886,0,0.6890129,2,0.81561005
"How about getting in touch with folks waiting for company? Just txt back your NAME and AGE to opt in! Enjoy the community (150p/SMS)
",1,1,0.99842525,1,0.9746917,1,0.99986434,0,0.6825052,2,0.73863477
"FreeMsg>FAV XMAS TONES!Reply REAL
",1,1,0.9984224,1,0.9674074,1,0.9998086,0,0.58749026,1,0.7507419
"Great NEW Offer - DOUBLE Mins & DOUBLE Txt on best Orange tariffs AND get latest camera phones 4 FREE! Call MobileUpd8 free on 08000839402 NOW! or 2stoptxt T&Cs
",1,1,0.9984199,1,0.99864775,1,0.9437877,0,0.66907966,2,0.9677825
"Great NEW Offer - DOUBLE Mins & DOUBLE Txt on best Orange tariffs AND get latest camera phones 4 FREE! Call MobileUpd8 free on 08000839402 NOW! or 2stoptxt T&Cs
",1,1,0.9984199,1,0.99864775,1,0.9437877,0,0.66907966,2,0.9677825
"No 1 POLYPHONIC tone 4 ur mob every week! Just txt PT2 to 87575. 1st Tone FREE ! so get txtin now and tell ur friends. 150p/tone. 16 reply HL 4info
",1,1,0.99841475,1,0.87512666,1,0.9998727,0,0.5271737,1,0.7306329
"No 1 POLYPHONIC tone 4 ur mob every week! Just txt PT2 to 87575. 1st Tone FREE ! so get txtin now and tell ur friends. 150p/tone. 16 reply HL 4info
",1,1,0.99841475,1,0.87512666,1,0.9998727,0,0.5271737,1,0.7306329
"Call 09095350301 and send our girls into erotic ecstacy. Just 60p/min. To stop texts call 08712460324 (nat rate)
",1,1,0.9984108,1,0.9923694,1,0.99988234,2,0.492575,1,0.65596765
